window_id,section_id,date,start_time,end_time,duration_min,block_type,status,window_class
W00001,S01,2026-09-01,18:00,20:00,120,TRAFFIC,AVAILABLE,EVENING
W00002,S01,2026-09-01,21:00,23:00,120,TRAFFIC,AVAILABLE,NIGHT
W00003,S02,2026-09-01,18:00,20:00,120,TRAFFIC,AVAILABLE,EVENING
W00004,S02,2026-09-01,21:00,23:00,120,TRAFFIC,AVAILABLE,NIGHT
W00005,S03,2026-09-01,18:00,20:00,120,TRAFFIC,AVAILABLE,EVENING
W00006,S03,2026-09-01,21:00,23:00,120,TRAFFIC,AVAILABLE,NIGHT
W00007,S04,2026-09-01,18:00,20:00,120,TRAFFIC,AVAILABLE,EVENING
W00008,S04,2026-09-01,21:00,23:00,120,TRAFFIC,AVAILABLE,NIGHT
W00009,S05,2026-09-01,18:00,20:00,120,TRAFFIC,AVAILABLE,EVENING
W00010,S05,2026-09-01,21:00,23:00,120,TRAFFIC,AVAILABLE,NIGHT
W00011,S06,2026-09-01,18:00,20:00,120,TRAFFIC,AVAILABLE,EVENING
W00012,S06,2026-09-01,21:00,23:00,120,TRAFFIC,AVAILABLE,NIGHT
W00013,S07,2026-09-01,18:00,20:00,120,TRAFFIC,AVAILABLE,EVENING
W00014,S07,2026-09-01,21:00,23:00,120,TRAFFIC,AVAILABLE,NIGHT
W00015,S08,2026-09-01,18:00,20:00,120,TRAFFIC,AVAILABLE,EVENING
W00016,S08,2026-09-01,21:00,23:00,120,TRAFFIC,AVAILABLE,NIGHT
W00017,S09,2026-09-01,18:00,20:00,120,TRAFFIC,AVAILABLE,EVENING
W00018,S09,2026-09-01,21:00,23:00,120,TRAFFIC,AVAILABLE,NIGHT
W00019,S10,2026-09-01,18:00,20:00,120,TRAFFIC,AVAILABLE,EVENING
W00020,S10,2026-09-01,21:00,23:00,120,TRAFFIC,AVAILABLE,NIGHT
W00021,S01,2026-09-02,18:00,20:00,120,TRAFFIC,AVAILABLE,EVENING
W00022,S01,2026-09-02,21:00,23:00,120,TRAFFIC,AVAILABLE,NIGHT
W00023,S02,2026-09-02,18:00,20:00,120,TRAFFIC,AVAILABLE,EVENING
W00024,S02,2026-09-02,21:00,23:00,120,TRAFFIC,AVAILABLE,NIGHT
W00025,S03,2026-09-02,18:00,20:00,120,TRAFFIC,AVAILABLE,EVENING
W00026,S03,2026-09-02,21:00,23:00,120,TRAFFIC,AVAILABLE,NIGHT
W00027,S04,2026-09-02,18:00,20:00,120,TRAFFIC,AVAILABLE,EVENING
W00028,S04,2026-09-02,21:00,23:00,120,TRAFFIC,AVAILABLE,NIGHT
W00029,S05,2026-09-02,18:00,20:00,120,TRAFFIC,AVAILABLE,EVENING
W00030,S05,2026-09-02,21:00,23:00,120,TRAFFIC,AVAILABLE,NIGHT
W00031,S06,2026-09-02,18:00,20:00,120,TRAFFIC,AVAILABLE,EVENING
W00032,S06,2026-09-02,21:00,23:00,120,TRAFFIC,AVAILABLE,NIGHT
W00033,S07,2026-09-02,18:00,20:00,120,TRAFFIC,AVAILABLE,EVENING
W00034,S07,2026-09-02,21:00,23:00,120,TRAFFIC,AVAILABLE,NIGHT
W00035,S08,2026-09-02,18:00,20:00,120,TRAFFIC,AVAILABLE,EVENING
W00036,S08,2026-09-02,21:00,23:00,120,TRAFFIC,AVAILABLE,NIGHT
W00037,S09,2026-09-02,18:00,20:00,120,TRAFFIC,AVAILABLE,EVENING
W00038,S09,2026-09-02,21:00,23:00,120,TRAFFIC,AVAILABLE,NIGHT
W00039,S10,2026-09-02,18:00,20:00,120,TRAFFIC,AVAILABLE,EVENING
W00040,S10,2026-09-02,21:00,23:00,120,TRAFFIC,AVAILABLE,NIGHT
W00041,S01,2026-09-03,18:00,20:00,120,TRAFFIC,AVAILABLE,EVENING
W00042,S01,2026-09-03,21:00,23:00,120,TRAFFIC,AVAILABLE,NIGHT
W00043,S02,2026-09-03,18:00,20:00,120,TRAFFIC,AVAILABLE,EVENING
W00044,S02,2026-09-03,21:00,23:00,120,TRAFFIC,AVAILABLE,NIGHT
W00045,S03,2026-09-03,18:00,20:00,120,TRAFFIC,AVAILABLE,EVENING
W00046,S03,2026-09-03,21:00,23:00,120,TRAFFIC,AVAILABLE,NIGHT
W00047,S04,2026-09-03,18:00,20:00,120,TRAFFIC,AVAILABLE,EVENING
W00048,S04,2026-09-03,21:00,23:00,120,TRAFFIC,AVAILABLE,NIGHT
W00049,S05,2026-09-03,18:00,20:00,120,TRAFFIC,AVAILABLE,EVENING
W00050,S05,2026-09-03,21:00,23:00,120,TRAFFIC,AVAILABLE,NIGHT
W00051,S06,2026-09-03,18:00,20:00,120,TRAFFIC,AVAILABLE,EVENING
W00052,S06,2026-09-03,21:00,23:00,120,TRAFFIC,AVAILABLE,NIGHT
W00053,S07,2026-09-03,18:00,20:00,120,TRAFFIC,AVAILABLE,EVENING
W00054,S07,2026-09-03,21:00,23:00,120,TRAFFIC,AVAILABLE,NIGHT
W00055,S08,2026-09-03,18:00,20:00,120,TRAFFIC,AVAILABLE,EVENING
W00056,S08,2026-09-03,21:00,23:00,120,TRAFFIC,AVAILABLE,NIGHT
W00057,S09,2026-09-03,18:00,20:00,120,TRAFFIC,AVAILABLE,EVENING
W00058,S09,2026-09-03,21:00,23:00,120,TRAFFIC,AVAILABLE,NIGHT
W00059,S10,2026-09-03,18:00,20:00,120,TRAFFIC,AVAILABLE,EVENING
W00060,S10,2026-09-03,21:00,23:00,120,TRAFFIC,AVAILABLE,NIGHT
W00061,S01,2026-09-04,18:00,20:00,120,TRAFFIC,AVAILABLE,EVENING
W00062,S01,2026-09-04,21:00,23:00,120,TRAFFIC,AVAILABLE,NIGHT
W00063,S02,2026-09-04,18:00,20:00,120,TRAFFIC,AVAILABLE,EVENING
W00064,S02,2026-09-04,21:00,23:00,120,TRAFFIC,AVAILABLE,NIGHT
W00065,S03,2026-09-04,18:00,20:00,120,TRAFFIC,AVAILABLE,EVENING
W00066,S03,2026-09-04,21:00,23:00,120,TRAFFIC,AVAILABLE,NIGHT
W00067,S04,2026-09-04,18:00,20:00,120,TRAFFIC,AVAILABLE,EVENING
W00068,S04,2026-09-04,21:00,23:00,120,TRAFFIC,AVAILABLE,NIGHT
W00069,S05,2026-09-04,18:00,20:00,120,TRAFFIC,AVAILABLE,EVENING
W00070,S05,2026-09-04,21:00,23:00,120,TRAFFIC,AVAILABLE,NIGHT
W00071,S06,2026-09-04,18:00,20:00,120,TRAFFIC,AVAILABLE,EVENING
W00072,S06,2026-09-04,21:00,23:00,120,TRAFFIC,AVAILABLE,NIGHT
W00073,S07,2026-09-04,18:00,20:00,120,TRAFFIC,AVAILABLE,EVENING
W00074,S07,2026-09-04,21:00,23:00,120,TRAFFIC,AVAILABLE,NIGHT
W00075,S08,2026-09-04,18:00,20:00,120,TRAFFIC,AVAILABLE,EVENING
W00076,S08,2026-09-04,21:00,23:00,120,TRAFFIC,AVAILABLE,NIGHT
W00077,S09,2026-09-04,18:00,20:00,120,TRAFFIC,AVAILABLE,EVENING
W00078,S09,2026-09-04,21:00,23:00,120,TRAFFIC,AVAILABLE,NIGHT
W00079,S10,2026-09-04,18:00,20:00,120,TRAFFIC,AVAILABLE,EVENING
W00080,S10,2026-09-04,21:00,23:00,120,TRAFFIC,AVAILABLE,NIGHT
W00081,S01,2026-09-05,18:00,20:00,120,TRAFFIC,AVAILABLE,EVENING
W00082,S01,2026-09-05,21:00,23:00,120,TRAFFIC,AVAILABLE,NIGHT
W00083,S02,2026-09-05,18:00,20:00,120,TRAFFIC,AVAILABLE,EVENING
W00084,S02,2026-09-05,21:00,23:00,120,TRAFFIC,AVAILABLE,NIGHT
W00085,S03,2026-09-05,18:00,20:00,120,TRAFFIC,AVAILABLE,EVENING
W00086,S03,2026-09-05,21:00,23:00,120,TRAFFIC,AVAILABLE,NIGHT
W00087,S04,2026-09-05,18:00,20:00,120,TRAFFIC,AVAILABLE,EVENING
W00088,S04,2026-09-05,21:00,23:00,120,TRAFFIC,AVAILABLE,NIGHT
W00089,S05,2026-09-05,18:00,20:00,120,TRAFFIC,AVAILABLE,EVENING
W00090,S05,2026-09-05,21:00,23:00,120,TRAFFIC,AVAILABLE,NIGHT
W00091,S06,2026-09-05,18:00,20:00,120,TRAFFIC,AVAILABLE,EVENING
W00092,S06,2026-09-05,21:00,23:00,120,TRAFFIC,AVAILABLE,NIGHT
W00093,S07,2026-09-05,18:00,20:00,120,TRAFFIC,AVAILABLE,EVENING
W00094,S07,2026-09-05,21:00,23:00,120,TRAFFIC,AVAILABLE,NIGHT
W00095,S08,2026-09-05,18:00,20:00,120,TRAFFIC,AVAILABLE,EVENING
W00096,S08,2026-09-05,21:00,23:00,120,TRAFFIC,AVAILABLE,NIGHT
W00097,S09,2026-09-05,18:00,20:00,120,TRAFFIC,AVAILABLE,EVENING
W00098,S09,2026-09-05,21:00,23:00,120,TRAFFIC,AVAILABLE,NIGHT
W00099,S10,2026-09-05,18:00,20:00,120,TRAFFIC,AVAILABLE,EVENING
W00100,S10,2026-09-05,21:00,23:00,120,TRAFFIC,AVAILABLE,NIGHT
W00101,S01,2026-09-06,18:00,20:00,120,TRAFFIC,AVAILABLE,EVENING
W00102,S01,2026-09-06,21:00,23:00,120,TRAFFIC,AVAILABLE,NIGHT
W00103,S02,2026-09-06,18:00,20:00,120,TRAFFIC,AVAILABLE,EVENING
W00104,S02,2026-09-06,21:00,23:00,120,TRAFFIC,AVAILABLE,NIGHT
W00105,S03,2026-09-06,18:00,20:00,120,TRAFFIC,AVAILABLE,EVENING
W00106,S03,2026-09-06,21:00,23:00,120,TRAFFIC,AVAILABLE,NIGHT
W00107,S04,2026-09-06,18:00,20:00,120,TRAFFIC,AVAILABLE,EVENING
W00108,S04,2026-09-06,21:00,23:00,120,TRAFFIC,AVAILABLE,NIGHT
W00109,S05,2026-09-06,18:00,20:00,120,TRAFFIC,AVAILABLE,EVENING
W00110,S05,2026-09-06,21:00,23:00,120,TRAFFIC,AVAILABLE,NIGHT
W00111,S06,2026-09-06,18:00,20:00,120,TRAFFIC,AVAILABLE,EVENING
W00112,S06,2026-09-06,21:00,23:00,120,TRAFFIC,AVAILABLE,NIGHT
W00113,S07,2026-09-06,18:00,20:00,120,TRAFFIC,AVAILABLE,EVENING
W00114,S07,2026-09-06,21:00,23:00,120,TRAFFIC,AVAILABLE,NIGHT
W00115,S08,2026-09-06,18:00,20:00,120,TRAFFIC,AVAILABLE,EVENING
W00116,S08,2026-09-06,21:00,23:00,120,TRAFFIC,AVAILABLE,NIGHT
W00117,S09,2026-09-06,18:00,20:00,120,TRAFFIC,AVAILABLE,EVENING
W00118,S09,2026-09-06,21:00,23:00,120,TRAFFIC,AVAILABLE,NIGHT
W00119,S10,2026-09-06,18:00,20:00,120,TRAFFIC,AVAILABLE,EVENING
W00120,S10,2026-09-06,21:00,23:00,120,TRAFFIC,AVAILABLE,NIGHT
W00121,S01,2026-09-07,18:00,20:00,120,TRAFFIC,AVAILABLE,EVENING
W00122,S01,2026-09-07,21:00,23:00,120,TRAFFIC,AVAILABLE,NIGHT
W00123,S02,2026-09-07,18:00,20:00,120,TRAFFIC,AVAILABLE,EVENING
W00124,S02,2026-09-07,21:00,23:00,120,TRAFFIC,AVAILABLE,NIGHT
W00125,S03,2026-09-07,18:00,20:00,120,TRAFFIC,AVAILABLE,EVENING
W00126,S03,2026-09-07,21:00,23:00,120,TRAFFIC,AVAILABLE,NIGHT
W00127,S04,2026-09-07,18:00,20:00,120,TRAFFIC,AVAILABLE,EVENING
W00128,S04,2026-09-07,21:00,23:00,120,TRAFFIC,AVAILABLE,NIGHT
W00129,S05,2026-09-07,18:00,20:00,120,TRAFFIC,AVAILABLE,EVENING
W00130,S05,2026-09-07,21:00,23:00,120,TRAFFIC,AVAILABLE,NIGHT
W00131,S06,2026-09-07,18:00,20:00,120,TRAFFIC,AVAILABLE,EVENING
W00132,S06,2026-09-07,21:00,23:00,120,TRAFFIC,AVAILABLE,NIGHT
W00133,S07,2026-09-07,18:00,20:00,120,TRAFFIC,AVAILABLE,EVENING
W00134,S07,2026-09-07,21:00,23:00,120,TRAFFIC,AVAILABLE,NIGHT
W00135,S08,2026-09-07,18:00,20:00,120,TRAFFIC,AVAILABLE,EVENING
W00136,S08,2026-09-07,21:00,23:00,120,TRAFFIC,AVAILABLE,NIGHT
W00137,S09,2026-09-07,18:00,20:00,120,TRAFFIC,AVAILABLE,EVENING
W00138,S09,2026-09-07,21:00,23:00,120,TRAFFIC,AVAILABLE,NIGHT
W00139,S10,2026-09-07,18:00,20:00,120,TRAFFIC,AVAILABLE,EVENING
W00140,S10,2026-09-07,21:00,23:00,120,TRAFFIC,AVAILABLE,NIGHT
W00141,S01,2026-09-08,18:00,20:00,120,TRAFFIC,AVAILABLE,EVENING
W00142,S01,2026-09-08,21:00,23:00,120,TRAFFIC,AVAILABLE,NIGHT
W00143,S02,2026-09-08,18:00,20:00,120,TRAFFIC,AVAILABLE,EVENING
W00144,S02,2026-09-08,21:00,23:00,120,TRAFFIC,AVAILABLE,NIGHT
W00145,S03,2026-09-08,18:00,20:00,120,TRAFFIC,AVAILABLE,EVENING
W00146,S03,2026-09-08,21:00,23:00,120,TRAFFIC,AVAILABLE,NIGHT
W00147,S04,2026-09-08,18:00,20:00,120,TRAFFIC,AVAILABLE,EVENING
W00148,S04,2026-09-08,21:00,23:00,120,TRAFFIC,AVAILABLE,NIGHT
W00149,S05,2026-09-08,18:00,20:00,120,TRAFFIC,AVAILABLE,EVENING
W00150,S05,2026-09-08,21:00,23:00,120,TRAFFIC,AVAILABLE,NIGHT
W00151,S06,2026-09-08,18:00,20:00,120,TRAFFIC,AVAILABLE,EVENING
W00152,S06,2026-09-08,21:00,23:00,120,TRAFFIC,AVAILABLE,NIGHT
W00153,S07,2026-09-08,18:00,20:00,120,TRAFFIC,AVAILABLE,EVENING
W00154,S07,2026-09-08,21:00,23:00,120,TRAFFIC,AVAILABLE,NIGHT
W00155,S08,2026-09-08,18:00,20:00,120,TRAFFIC,AVAILABLE,EVENING
W00156,S08,2026-09-08,21:00,23:00,120,TRAFFIC,AVAILABLE,NIGHT
W00157,S09,2026-09-08,18:00,20:00,120,TRAFFIC,AVAILABLE,EVENING
W00158,S09,2026-09-08,21:00,23:00,120,TRAFFIC,AVAILABLE,NIGHT
W00159,S10,2026-09-08,18:00,20:00,120,TRAFFIC,AVAILABLE,EVENING
W00160,S10,2026-09-08,21:00,23:00,120,TRAFFIC,AVAILABLE,NIGHT
W00161,S01,2026-09-09,18:00,20:00,120,TRAFFIC,AVAILABLE,EVENING
W00162,S01,2026-09-09,21:00,23:00,120,TRAFFIC,AVAILABLE,NIGHT
W00163,S02,2026-09-09,18:00,20:00,120,TRAFFIC,AVAILABLE,EVENING
W00164,S02,2026-09-09,21:00,23:00,120,TRAFFIC,AVAILABLE,NIGHT
W00165,S03,2026-09-09,18:00,20:00,120,TRAFFIC,AVAILABLE,EVENING
W00166,S03,2026-09-09,21:00,23:00,120,TRAFFIC,AVAILABLE,NIGHT
W00167,S04,2026-09-09,18:00,20:00,120,TRAFFIC,AVAILABLE,EVENING
W00168,S04,2026-09-09,21:00,23:00,120,TRAFFIC,AVAILABLE,NIGHT
W00169,S05,2026-09-09,18:00,20:00,120,TRAFFIC,AVAILABLE,EVENING
W00170,S05,2026-09-09,21:00,23:00,120,TRAFFIC,AVAILABLE,NIGHT
W00171,S06,2026-09-09,18:00,20:00,120,TRAFFIC,AVAILABLE,EVENING
W00172,S06,2026-09-09,21:00,23:00,120,TRAFFIC,AVAILABLE,NIGHT
W00173,S07,2026-09-09,18:00,20:00,120,TRAFFIC,AVAILABLE,EVENING
W00174,S07,2026-09-09,21:00,23:00,120,TRAFFIC,AVAILABLE,NIGHT
W00175,S08,2026-09-09,18:00,20:00,120,TRAFFIC,AVAILABLE,EVENING
W00176,S08,2026-09-09,21:00,23:00,120,TRAFFIC,AVAILABLE,NIGHT
W00177,S09,2026-09-09,18:00,20:00,120,TRAFFIC,AVAILABLE,EVENING
W00178,S09,2026-09-09,21:00,23:00,120,TRAFFIC,AVAILABLE,NIGHT
W00179,S10,2026-09-09,18:00,20:00,120,TRAFFIC,AVAILABLE,EVENING
W00180,S10,2026-09-09,21:00,23:00,120,TRAFFIC,AVAILABLE,NIGHT
W00181,S01,2026-09-10,18:00,20:00,120,TRAFFIC,AVAILABLE,EVENING
W00182,S01,2026-09-10,21:00,23:00,120,TRAFFIC,AVAILABLE,NIGHT
W00183,S02,2026-09-10,18:00,20:00,120,TRAFFIC,AVAILABLE,EVENING
W00184,S02,2026-09-10,21:00,23:00,120,TRAFFIC,AVAILABLE,NIGHT
W00185,S03,2026-09-10,18:00,20:00,120,TRAFFIC,AVAILABLE,EVENING
W00186,S03,2026-09-10,21:00,23:00,120,TRAFFIC,AVAILABLE,NIGHT
W00187,S04,2026-09-10,18:00,20:00,120,TRAFFIC,AVAILABLE,EVENING
W00188,S04,2026-09-10,21:00,23:00,120,TRAFFIC,AVAILABLE,NIGHT
W00189,S05,2026-09-10,18:00,20:00,120,TRAFFIC,AVAILABLE,EVENING
W00190,S05,2026-09-10,21:00,23:00,120,TRAFFIC,AVAILABLE,NIGHT
W00191,S06,2026-09-10,18:00,20:00,120,TRAFFIC,AVAILABLE,EVENING
W00192,S06,2026-09-10,21:00,23:00,120,TRAFFIC,AVAILABLE,NIGHT
W00193,S07,2026-09-10,18:00,20:00,120,TRAFFIC,AVAILABLE,EVENING
W00194,S07,2026-09-10,21:00,23:00,120,TRAFFIC,AVAILABLE,NIGHT
W00195,S08,2026-09-10,18:00,20:00,120,TRAFFIC,AVAILABLE,EVENING
W00196,S08,2026-09-10,21:00,23:00,120,TRAFFIC,AVAILABLE,NIGHT
W00197,S09,2026-09-10,18:00,20:00,120,TRAFFIC,AVAILABLE,EVENING
W00198,S09,2026-09-10,21:00,23:00,120,TRAFFIC,AVAILABLE,NIGHT
W00199,S10,2026-09-10,18:00,20:00,120,TRAFFIC,AVAILABLE,EVENING
W00200,S10,2026-09-10,21:00,23:00,120,TRAFFIC,AVAILABLE,NIGHT
W00201,S01,2026-09-11,18:00,20:00,120,TRAFFIC,AVAILABLE,EVENING
W00202,S01,2026-09-11,21:00,23:00,120,TRAFFIC,AVAILABLE,NIGHT
W00203,S02,2026-09-11,18:00,20:00,120,TRAFFIC,AVAILABLE,EVENING
W00204,S02,2026-09-11,21:00,23:00,120,TRAFFIC,AVAILABLE,NIGHT
W00205,S03,2026-09-11,18:00,20:00,120,TRAFFIC,AVAILABLE,EVENING
W00206,S03,2026-09-11,21:00,23:00,120,TRAFFIC,AVAILABLE,NIGHT
W00207,S04,2026-09-11,18:00,20:00,120,TRAFFIC,AVAILABLE,EVENING
W00208,S04,2026-09-11,21:00,23:00,120,TRAFFIC,AVAILABLE,NIGHT
W00209,S05,2026-09-11,18:00,20:00,120,TRAFFIC,AVAILABLE,EVENING
W00210,S05,2026-09-11,21:00,23:00,120,TRAFFIC,AVAILABLE,NIGHT
W00211,S06,2026-09-11,18:00,20:00,120,TRAFFIC,AVAILABLE,EVENING
W00212,S06,2026-09-11,21:00,23:00,120,TRAFFIC,AVAILABLE,NIGHT
W00213,S07,2026-09-11,18:00,20:00,120,TRAFFIC,AVAILABLE,EVENING
W00214,S07,2026-09-11,21:00,23:00,120,TRAFFIC,AVAILABLE,NIGHT
W00215,S08,2026-09-11,18:00,20:00,120,TRAFFIC,AVAILABLE,EVENING
W00216,S08,2026-09-11,21:00,23:00,120,TRAFFIC,AVAILABLE,NIGHT
W00217,S09,2026-09-11,18:00,20:00,120,TRAFFIC,AVAILABLE,EVENING
W00218,S09,2026-09-11,21:00,23:00,120,TRAFFIC,AVAILABLE,NIGHT
W00219,S10,2026-09-11,18:00,20:00,120,TRAFFIC,AVAILABLE,EVENING
W00220,S10,2026-09-11,21:00,23:00,120,TRAFFIC,AVAILABLE,NIGHT
W00221,S01,2026-09-12,18:00,20:00,120,TRAFFIC,AVAILABLE,EVENING
W00222,S01,2026-09-12,21:00,23:00,120,TRAFFIC,AVAILABLE,NIGHT
W00223,S02,2026-09-12,18:00,20:00,120,TRAFFIC,AVAILABLE,EVENING
W00224,S02,2026-09-12,21:00,23:00,120,TRAFFIC,AVAILABLE,NIGHT
W00225,S03,2026-09-12,18:00,20:00,120,TRAFFIC,AVAILABLE,EVENING
W00226,S03,2026-09-12,21:00,23:00,120,TRAFFIC,AVAILABLE,NIGHT
W00227,S04,2026-09-12,18:00,20:00,120,TRAFFIC,AVAILABLE,EVENING
W00228,S04,2026-09-12,21:00,23:00,120,TRAFFIC,AVAILABLE,NIGHT
W00229,S05,2026-09-12,18:00,20:00,120,TRAFFIC,AVAILABLE,EVENING
W00230,S05,2026-09-12,21:00,23:00,120,TRAFFIC,AVAILABLE,NIGHT
W00231,S06,2026-09-12,18:00,20:00,120,TRAFFIC,AVAILABLE,EVENING
W00232,S06,2026-09-12,21:00,23:00,120,TRAFFIC,AVAILABLE,NIGHT
W00233,S07,2026-09-12,18:00,20:00,120,TRAFFIC,AVAILABLE,EVENING
W00234,S07,2026-09-12,21:00,23:00,120,TRAFFIC,AVAILABLE,NIGHT
W00235,S08,2026-09-12,18:00,20:00,120,TRAFFIC,AVAILABLE,EVENING
W00236,S08,2026-09-12,21:00,23:00,120,TRAFFIC,AVAILABLE,NIGHT
W00237,S09,2026-09-12,18:00,20:00,120,TRAFFIC,AVAILABLE,EVENING
W00238,S09,2026-09-12,21:00,23:00,120,TRAFFIC,AVAILABLE,NIGHT
W00239,S10,2026-09-12,18:00,20:00,120,TRAFFIC,AVAILABLE,EVENING
W00240,S10,2026-09-12,21:00,23:00,120,TRAFFIC,AVAILABLE,NIGHT
W00241,S01,2026-09-13,18:00,20:00,120,TRAFFIC,AVAILABLE,EVENING
W00242,S01,2026-09-13,21:00,23:00,120,TRAFFIC,AVAILABLE,NIGHT
W00243,S02,2026-09-13,18:00,20:00,120,TRAFFIC,AVAILABLE,EVENING
W00244,S02,2026-09-13,21:00,23:00,120,TRAFFIC,AVAILABLE,NIGHT
W00245,S03,2026-09-13,18:00,20:00,120,TRAFFIC,AVAILABLE,EVENING
W00246,S03,2026-09-13,21:00,23:00,120,TRAFFIC,AVAILABLE,NIGHT
W00247,S04,2026-09-13,18:00,20:00,120,TRAFFIC,AVAILABLE,EVENING
W00248,S04,2026-09-13,21:00,23:00,120,TRAFFIC,AVAILABLE,NIGHT
W00249,S05,2026-09-13,18:00,20:00,120,TRAFFIC,AVAILABLE,EVENING
W00250,S05,2026-09-13,21:00,23:00,120,TRAFFIC,AVAILABLE,NIGHT
W00251,S06,2026-09-13,18:00,20:00,120,TRAFFIC,AVAILABLE,EVENING
W00252,S06,2026-09-13,21:00,23:00,120,TRAFFIC,AVAILABLE,NIGHT
W00253,S07,2026-09-13,18:00,20:00,120,TRAFFIC,AVAILABLE,EVENING
W00254,S07,2026-09-13,21:00,23:00,120,TRAFFIC,AVAILABLE,NIGHT
W00255,S08,2026-09-13,18:00,20:00,120,TRAFFIC,AVAILABLE,EVENING
W00256,S08,2026-09-13,21:00,23:00,120,TRAFFIC,AVAILABLE,NIGHT
W00257,S09,2026-09-13,18:00,20:00,120,TRAFFIC,AVAILABLE,EVENING
W00258,S09,2026-09-13,21:00,23:00,120,TRAFFIC,AVAILABLE,NIGHT
W00259,S10,2026-09-13,18:00,20:00,120,TRAFFIC,AVAILABLE,EVENING
W00260,S10,2026-09-13,21:00,23:00,120,TRAFFIC,AVAILABLE,NIGHT
W00261,S01,2026-09-14,18:00,20:00,120,TRAFFIC,AVAILABLE,EVENING
W00262,S01,2026-09-14,21:00,23:00,120,TRAFFIC,AVAILABLE,NIGHT
W00263,S02,2026-09-14,18:00,20:00,120,TRAFFIC,AVAILABLE,EVENING
W00264,S02,2026-09-14,21:00,23:00,120,TRAFFIC,AVAILABLE,NIGHT
W00265,S03,2026-09-14,18:00,20:00,120,TRAFFIC,AVAILABLE,EVENING
W00266,S03,2026-09-14,21:00,23:00,120,TRAFFIC,AVAILABLE,NIGHT
W00267,S04,2026-09-14,18:00,20:00,120,TRAFFIC,AVAILABLE,EVENING
W00268,S04,2026-09-14,21:00,23:00,120,TRAFFIC,AVAILABLE,NIGHT
W00269,S05,2026-09-14,18:00,20:00,120,TRAFFIC,AVAILABLE,EVENING
W00270,S05,2026-09-14,21:00,23:00,120,TRAFFIC,AVAILABLE,NIGHT
W00271,S06,2026-09-14,18:00,20:00,120,TRAFFIC,AVAILABLE,EVENING
W00272,S06,2026-09-14,21:00,23:00,120,TRAFFIC,AVAILABLE,NIGHT
W00273,S07,2026-09-14,18:00,20:00,120,TRAFFIC,AVAILABLE,EVENING
W00274,S07,2026-09-14,21:00,23:00,120,TRAFFIC,AVAILABLE,NIGHT
W00275,S08,2026-09-14,18:00,20:00,120,TRAFFIC,AVAILABLE,EVENING
W00276,S08,2026-09-14,21:00,23:00,120,TRAFFIC,AVAILABLE,NIGHT
W00277,S09,2026-09-14,18:00,20:00,120,TRAFFIC,AVAILABLE,EVENING
W00278,S09,2026-09-14,21:00,23:00,120,TRAFFIC,AVAILABLE,NIGHT
W00279,S10,2026-09-14,18:00,20:00,120,TRAFFIC,AVAILABLE,EVENING
W00280,S10,2026-09-14,21:00,23:00,120,TRAFFIC,AVAILABLE,NIGHT
W00281,S01,2026-09-15,18:00,20:00,120,TRAFFIC,AVAILABLE,EVENING
W00282,S01,2026-09-15,21:00,23:00,120,TRAFFIC,AVAILABLE,NIGHT
W00283,S02,2026-09-15,18:00,20:00,120,TRAFFIC,AVAILABLE,EVENING
W00284,S02,2026-09-15,21:00,23:00,120,TRAFFIC,AVAILABLE,NIGHT
W00285,S03,2026-09-15,18:00,20:00,120,TRAFFIC,AVAILABLE,EVENING
W00286,S03,2026-09-15,21:00,23:00,120,TRAFFIC,AVAILABLE,NIGHT
W00287,S04,2026-09-15,18:00,20:00,120,TRAFFIC,AVAILABLE,EVENING
W00288,S04,2026-09-15,21:00,23:00,120,TRAFFIC,AVAILABLE,NIGHT
W00289,S05,2026-09-15,18:00,20:00,120,TRAFFIC,AVAILABLE,EVENING
W00290,S05,2026-09-15,21:00,23:00,120,TRAFFIC,AVAILABLE,NIGHT
W00291,S06,2026-09-15,18:00,20:00,120,TRAFFIC,AVAILABLE,EVENING
W00292,S06,2026-09-15,21:00,23:00,120,TRAFFIC,AVAILABLE,NIGHT
W00293,S07,2026-09-15,18:00,20:00,120,TRAFFIC,AVAILABLE,EVENING
W00294,S07,2026-09-15,21:00,23:00,120,TRAFFIC,AVAILABLE,NIGHT
W00295,S08,2026-09-15,18:00,20:00,120,TRAFFIC,AVAILABLE,EVENING
W00296,S08,2026-09-15,21:00,23:00,120,TRAFFIC,AVAILABLE,NIGHT
W00297,S09,2026-09-15,18:00,20:00,120,TRAFFIC,AVAILABLE,EVENING
W00298,S09,2026-09-15,21:00,23:00,120,TRAFFIC,AVAILABLE,NIGHT
W00299,S10,2026-09-15,18:00,20:00,120,TRAFFIC,AVAILABLE,EVENING
W00300,S10,2026-09-15,21:00,23:00,120,TRAFFIC,AVAILABLE,NIGHT
W00301,S01,2026-09-16,18:00,20:00,120,TRAFFIC,AVAILABLE,EVENING
W00302,S01,2026-09-16,21:00,23:00,120,TRAFFIC,AVAILABLE,NIGHT
W00303,S02,2026-09-16,18:00,20:00,120,TRAFFIC,AVAILABLE,EVENING
W00304,S02,2026-09-16,21:00,23:00,120,TRAFFIC,AVAILABLE,NIGHT
W00305,S03,2026-09-16,18:00,20:00,120,TRAFFIC,AVAILABLE,EVENING
W00306,S03,2026-09-16,21:00,23:00,120,TRAFFIC,AVAILABLE,NIGHT
W00307,S04,2026-09-16,18:00,20:00,120,TRAFFIC,AVAILABLE,EVENING
W00308,S04,2026-09-16,21:00,23:00,120,TRAFFIC,AVAILABLE,NIGHT
W00309,S05,2026-09-16,18:00,20:00,120,TRAFFIC,AVAILABLE,EVENING
W00310,S05,2026-09-16,21:00,23:00,120,TRAFFIC,AVAILABLE,NIGHT
W00311,S06,2026-09-16,18:00,20:00,120,TRAFFIC,AVAILABLE,EVENING
W00312,S06,2026-09-16,21:00,23:00,120,TRAFFIC,AVAILABLE,NIGHT
W00313,S07,2026-09-16,18:00,20:00,120,TRAFFIC,AVAILABLE,EVENING
W00314,S07,2026-09-16,21:00,23:00,120,TRAFFIC,AVAILABLE,NIGHT
W00315,S08,2026-09-16,18:00,20:00,120,TRAFFIC,AVAILABLE,EVENING
W00316,S08,2026-09-16,21:00,23:00,120,TRAFFIC,AVAILABLE,NIGHT
W00317,S09,2026-09-16,18:00,20:00,120,TRAFFIC,AVAILABLE,EVENING
W00318,S09,2026-09-16,21:00,23:00,120,TRAFFIC,AVAILABLE,NIGHT
W00319,S10,2026-09-16,18:00,20:00,120,TRAFFIC,AVAILABLE,EVENING
W00320,S10,2026-09-16,21:00,23:00,120,TRAFFIC,AVAILABLE,NIGHT
W00321,S01,2026-09-17,18:00,20:00,120,TRAFFIC,AVAILABLE,EVENING
W00322,S01,2026-09-17,21:00,23:00,120,TRAFFIC,AVAILABLE,NIGHT
W00323,S02,2026-09-17,18:00,20:00,120,TRAFFIC,AVAILABLE,EVENING
W00324,S02,2026-09-17,21:00,23:00,120,TRAFFIC,AVAILABLE,NIGHT
W00325,S03,2026-09-17,18:00,20:00,120,TRAFFIC,AVAILABLE,EVENING
W00326,S03,2026-09-17,21:00,23:00,120,TRAFFIC,AVAILABLE,NIGHT
W00327,S04,2026-09-17,18:00,20:00,120,TRAFFIC,AVAILABLE,EVENING
W00328,S04,2026-09-17,21:00,23:00,120,TRAFFIC,AVAILABLE,NIGHT
W00329,S05,2026-09-17,18:00,20:00,120,TRAFFIC,AVAILABLE,EVENING
W00330,S05,2026-09-17,21:00,23:00,120,TRAFFIC,AVAILABLE,NIGHT
W00331,S06,2026-09-17,18:00,20:00,120,TRAFFIC,AVAILABLE,EVENING
W00332,S06,2026-09-17,21:00,23:00,120,TRAFFIC,AVAILABLE,NIGHT
W00333,S07,2026-09-17,18:00,20:00,120,TRAFFIC,AVAILABLE,EVENING
W00334,S07,2026-09-17,21:00,23:00,120,TRAFFIC,AVAILABLE,NIGHT
W00335,S08,2026-09-17,18:00,20:00,120,TRAFFIC,AVAILABLE,EVENING
W00336,S08,2026-09-17,21:00,23:00,120,TRAFFIC,AVAILABLE,NIGHT
W00337,S09,2026-09-17,18:00,20:00,120,TRAFFIC,AVAILABLE,EVENING
W00338,S09,2026-09-17,21:00,23:00,120,TRAFFIC,AVAILABLE,NIGHT
W00339,S10,2026-09-17,18:00,20:00,120,TRAFFIC,AVAILABLE,EVENING
W00340,S10,2026-09-17,21:00,23:00,120,TRAFFIC,AVAILABLE,NIGHT
W00341,S01,2026-09-18,18:00,20:00,120,TRAFFIC,AVAILABLE,EVENING
W00342,S01,2026-09-18,21:00,23:00,120,TRAFFIC,AVAILABLE,NIGHT
W00343,S02,2026-09-18,18:00,20:00,120,TRAFFIC,AVAILABLE,EVENING
W00344,S02,2026-09-18,21:00,23:00,120,TRAFFIC,AVAILABLE,NIGHT
W00345,S03,2026-09-18,18:00,20:00,120,TRAFFIC,AVAILABLE,EVENING
W00346,S03,2026-09-18,21:00,23:00,120,TRAFFIC,AVAILABLE,NIGHT
W00347,S04,2026-09-18,18:00,20:00,120,TRAFFIC,AVAILABLE,EVENING
W00348,S04,2026-09-18,21:00,23:00,120,TRAFFIC,AVAILABLE,NIGHT
W00349,S05,2026-09-18,18:00,20:00,120,TRAFFIC,AVAILABLE,EVENING
W00350,S05,2026-09-18,21:00,23:00,120,TRAFFIC,AVAILABLE,NIGHT
W00351,S06,2026-09-18,18:00,20:00,120,TRAFFIC,AVAILABLE,EVENING
W00352,S06,2026-09-18,21:00,23:00,120,TRAFFIC,AVAILABLE,NIGHT
W00353,S07,2026-09-18,18:00,20:00,120,TRAFFIC,AVAILABLE,EVENING
W00354,S07,2026-09-18,21:00,23:00,120,TRAFFIC,AVAILABLE,NIGHT
W00355,S08,2026-09-18,18:00,20:00,120,TRAFFIC,AVAILABLE,EVENING
W00356,S08,2026-09-18,21:00,23:00,120,TRAFFIC,AVAILABLE,NIGHT
W00357,S09,2026-09-18,18:00,20:00,120,TRAFFIC,AVAILABLE,EVENING
W00358,S09,2026-09-18,21:00,23:00,120,TRAFFIC,AVAILABLE,NIGHT
W00359,S10,2026-09-18,18:00,20:00,120,TRAFFIC,AVAILABLE,EVENING
W00360,S10,2026-09-18,21:00,23:00,120,TRAFFIC,AVAILABLE,NIGHT
W00361,S01,2026-09-19,18:00,20:00,120,TRAFFIC,AVAILABLE,EVENING
W00362,S01,2026-09-19,21:00,23:00,120,TRAFFIC,AVAILABLE,NIGHT
W00363,S02,2026-09-19,18:00,20:00,120,TRAFFIC,AVAILABLE,EVENING
W00364,S02,2026-09-19,21:00,23:00,120,TRAFFIC,AVAILABLE,NIGHT
W00365,S03,2026-09-19,18:00,20:00,120,TRAFFIC,AVAILABLE,EVENING
W00366,S03,2026-09-19,21:00,23:00,120,TRAFFIC,AVAILABLE,NIGHT
W00367,S04,2026-09-19,18:00,20:00,120,TRAFFIC,AVAILABLE,EVENING
W00368,S04,2026-09-19,21:00,23:00,120,TRAFFIC,AVAILABLE,NIGHT
W00369,S05,2026-09-19,18:00,20:00,120,TRAFFIC,AVAILABLE,EVENING
W00370,S05,2026-09-19,21:00,23:00,120,TRAFFIC,AVAILABLE,NIGHT
W00371,S06,2026-09-19,18:00,20:00,120,TRAFFIC,AVAILABLE,EVENING
W00372,S06,2026-09-19,21:00,23:00,120,TRAFFIC,AVAILABLE,NIGHT
W00373,S07,2026-09-19,18:00,20:00,120,TRAFFIC,AVAILABLE,EVENING
W00374,S07,2026-09-19,21:00,23:00,120,TRAFFIC,AVAILABLE,NIGHT
W00375,S08,2026-09-19,18:00,20:00,120,TRAFFIC,AVAILABLE,EVENING
W00376,S08,2026-09-19,21:00,23:00,120,TRAFFIC,AVAILABLE,NIGHT
W00377,S09,2026-09-19,18:00,20:00,120,TRAFFIC,AVAILABLE,EVENING
W00378,S09,2026-09-19,21:00,23:00,120,TRAFFIC,AVAILABLE,NIGHT
W00379,S10,2026-09-19,18:00,20:00,120,TRAFFIC,AVAILABLE,EVENING
W00380,S10,2026-09-19,21:00,23:00,120,TRAFFIC,AVAILABLE,NIGHT
W00381,S01,2026-09-20,18:00,20:00,120,TRAFFIC,AVAILABLE,EVENING
W00382,S01,2026-09-20,21:00,23:00,120,TRAFFIC,AVAILABLE,NIGHT
W00383,S02,2026-09-20,18:00,20:00,120,TRAFFIC,AVAILABLE,EVENING
W00384,S02,2026-09-20,21:00,23:00,120,TRAFFIC,AVAILABLE,NIGHT
W00385,S03,2026-09-20,18:00,20:00,120,TRAFFIC,AVAILABLE,EVENING
W00386,S03,2026-09-20,21:00,23:00,120,TRAFFIC,AVAILABLE,NIGHT
W00387,S04,2026-09-20,18:00,20:00,120,TRAFFIC,AVAILABLE,EVENING
W00388,S04,2026-09-20,21:00,23:00,120,TRAFFIC,AVAILABLE,NIGHT
W00389,S05,2026-09-20,18:00,20:00,120,TRAFFIC,AVAILABLE,EVENING
W00390,S05,2026-09-20,21:00,23:00,120,TRAFFIC,AVAILABLE,NIGHT
W00391,S06,2026-09-20,18:00,20:00,120,TRAFFIC,AVAILABLE,EVENING
W00392,S06,2026-09-20,21:00,23:00,120,TRAFFIC,AVAILABLE,NIGHT
W00393,S07,2026-09-20,18:00,20:00,120,TRAFFIC,AVAILABLE,EVENING
W00394,S07,2026-09-20,21:00,23:00,120,TRAFFIC,AVAILABLE,NIGHT
W00395,S08,2026-09-20,18:00,20:00,120,TRAFFIC,AVAILABLE,EVENING
W00396,S08,2026-09-20,21:00,23:00,120,TRAFFIC,AVAILABLE,NIGHT
W00397,S09,2026-09-20,18:00,20:00,120,TRAFFIC,AVAILABLE,EVENING
W00398,S09,2026-09-20,21:00,23:00,120,TRAFFIC,AVAILABLE,NIGHT
W00399,S10,2026-09-20,18:00,20:00,120,TRAFFIC,AVAILABLE,EVENING
W00400,S10,2026-09-20,21:00,23:00,120,TRAFFIC,AVAILABLE,NIGHT
W00401,S01,2026-09-21,18:00,20:00,120,TRAFFIC,AVAILABLE,EVENING
W00402,S01,2026-09-21,21:00,23:00,120,TRAFFIC,AVAILABLE,NIGHT
W00403,S02,2026-09-21,18:00,20:00,120,TRAFFIC,AVAILABLE,EVENING
W00404,S02,2026-09-21,21:00,23:00,120,TRAFFIC,AVAILABLE,NIGHT
W00405,S03,2026-09-21,18:00,20:00,120,TRAFFIC,AVAILABLE,EVENING
W00406,S03,2026-09-21,21:00,23:00,120,TRAFFIC,AVAILABLE,NIGHT
W00407,S04,2026-09-21,18:00,20:00,120,TRAFFIC,AVAILABLE,EVENING
W00408,S04,2026-09-21,21:00,23:00,120,TRAFFIC,AVAILABLE,NIGHT
W00409,S05,2026-09-21,18:00,20:00,120,TRAFFIC,AVAILABLE,EVENING
W00410,S05,2026-09-21,21:00,23:00,120,TRAFFIC,AVAILABLE,NIGHT
W00411,S06,2026-09-21,18:00,20:00,120,TRAFFIC,AVAILABLE,EVENING
W00412,S06,2026-09-21,21:00,23:00,120,TRAFFIC,AVAILABLE,NIGHT
W00413,S07,2026-09-21,18:00,20:00,120,TRAFFIC,AVAILABLE,EVENING
W00414,S07,2026-09-21,21:00,23:00,120,TRAFFIC,AVAILABLE,NIGHT
W00415,S08,2026-09-21,18:00,20:00,120,TRAFFIC,AVAILABLE,EVENING
W00416,S08,2026-09-21,21:00,23:00,120,TRAFFIC,AVAILABLE,NIGHT
W00417,S09,2026-09-21,18:00,20:00,120,TRAFFIC,AVAILABLE,EVENING
W00418,S09,2026-09-21,21:00,23:00,120,TRAFFIC,AVAILABLE,NIGHT
W00419,S10,2026-09-21,18:00,20:00,120,TRAFFIC,AVAILABLE,EVENING
W00420,S10,2026-09-21,21:00,23:00,120,TRAFFIC,AVAILABLE,NIGHT
W00421,S01,2026-09-22,18:00,20:00,120,TRAFFIC,AVAILABLE,EVENING
W00422,S01,2026-09-22,21:00,23:00,120,TRAFFIC,AVAILABLE,NIGHT
W00423,S02,2026-09-22,18:00,20:00,120,TRAFFIC,AVAILABLE,EVENING
W00424,S02,2026-09-22,21:00,23:00,120,TRAFFIC,AVAILABLE,NIGHT
W00425,S03,2026-09-22,18:00,20:00,120,TRAFFIC,AVAILABLE,EVENING
W00426,S03,2026-09-22,21:00,23:00,120,TRAFFIC,AVAILABLE,NIGHT
W00427,S04,2026-09-22,18:00,20:00,120,TRAFFIC,AVAILABLE,EVENING
W00428,S04,2026-09-22,21:00,23:00,120,TRAFFIC,AVAILABLE,NIGHT
W00429,S05,2026-09-22,18:00,20:00,120,TRAFFIC,AVAILABLE,EVENING
W00430,S05,2026-09-22,21:00,23:00,120,TRAFFIC,AVAILABLE,NIGHT
W00431,S06,2026-09-22,18:00,20:00,120,TRAFFIC,AVAILABLE,EVENING
W00432,S06,2026-09-22,21:00,23:00,120,TRAFFIC,AVAILABLE,NIGHT
W00433,S07,2026-09-22,18:00,20:00,120,TRAFFIC,AVAILABLE,EVENING
W00434,S07,2026-09-22,21:00,23:00,120,TRAFFIC,AVAILABLE,NIGHT
W00435,S08,2026-09-22,18:00,20:00,120,TRAFFIC,AVAILABLE,EVENING
W00436,S08,2026-09-22,21:00,23:00,120,TRAFFIC,AVAILABLE,NIGHT
W00437,S09,2026-09-22,18:00,20:00,120,TRAFFIC,AVAILABLE,EVENING
W00438,S09,2026-09-22,21:00,23:00,120,TRAFFIC,AVAILABLE,NIGHT
W00439,S10,2026-09-22,18:00,20:00,120,TRAFFIC,AVAILABLE,EVENING
W00440,S10,2026-09-22,21:00,23:00,120,TRAFFIC,AVAILABLE,NIGHT
W00441,S01,2026-09-23,18:00,20:00,120,TRAFFIC,AVAILABLE,EVENING
W00442,S01,2026-09-23,21:00,23:00,120,TRAFFIC,AVAILABLE,NIGHT
W00443,S02,2026-09-23,18:00,20:00,120,TRAFFIC,AVAILABLE,EVENING
W00444,S02,2026-09-23,21:00,23:00,120,TRAFFIC,AVAILABLE,NIGHT
W00445,S03,2026-09-23,18:00,20:00,120,TRAFFIC,AVAILABLE,EVENING
W00446,S03,2026-09-23,21:00,23:00,120,TRAFFIC,AVAILABLE,NIGHT
W00447,S04,2026-09-23,18:00,20:00,120,TRAFFIC,AVAILABLE,EVENING
W00448,S04,2026-09-23,21:00,23:00,120,TRAFFIC,AVAILABLE,NIGHT
W00449,S05,2026-09-23,18:00,20:00,120,TRAFFIC,AVAILABLE,EVENING
W00450,S05,2026-09-23,21:00,23:00,120,TRAFFIC,AVAILABLE,NIGHT
W00451,S06,2026-09-23,18:00,20:00,120,TRAFFIC,AVAILABLE,EVENING
W00452,S06,2026-09-23,21:00,23:00,120,TRAFFIC,AVAILABLE,NIGHT
W00453,S07,2026-09-23,18:00,20:00,120,TRAFFIC,AVAILABLE,EVENING
W00454,S07,2026-09-23,21:00,23:00,120,TRAFFIC,AVAILABLE,NIGHT
W00455,S08,2026-09-23,18:00,20:00,120,TRAFFIC,AVAILABLE,EVENING
W00456,S08,2026-09-23,21:00,23:00,120,TRAFFIC,AVAILABLE,NIGHT
W00457,S09,2026-09-23,18:00,20:00,120,TRAFFIC,AVAILABLE,EVENING
W00458,S09,2026-09-23,21:00,23:00,120,TRAFFIC,AVAILABLE,NIGHT
W00459,S10,2026-09-23,18:00,20:00,120,TRAFFIC,AVAILABLE,EVENING
W00460,S10,2026-09-23,21:00,23:00,120,TRAFFIC,AVAILABLE,NIGHT
W00461,S01,2026-09-24,18:00,20:00,120,TRAFFIC,AVAILABLE,EVENING
W00462,S01,2026-09-24,21:00,23:00,120,TRAFFIC,AVAILABLE,NIGHT
W00463,S02,2026-09-24,18:00,20:00,120,TRAFFIC,AVAILABLE,EVENING
W00464,S02,2026-09-24,21:00,23:00,120,TRAFFIC,AVAILABLE,NIGHT
W00465,S03,2026-09-24,18:00,20:00,120,TRAFFIC,AVAILABLE,EVENING
W00466,S03,2026-09-24,21:00,23:00,120,TRAFFIC,AVAILABLE,NIGHT
W00467,S04,2026-09-24,18:00,20:00,120,TRAFFIC,AVAILABLE,EVENING
W00468,S04,2026-09-24,21:00,23:00,120,TRAFFIC,AVAILABLE,NIGHT
W00469,S05,2026-09-24,18:00,20:00,120,TRAFFIC,AVAILABLE,EVENING
W00470,S05,2026-09-24,21:00,23:00,120,TRAFFIC,AVAILABLE,NIGHT
W00471,S06,2026-09-24,18:00,20:00,120,TRAFFIC,AVAILABLE,EVENING
W00472,S06,2026-09-24,21:00,23:00,120,TRAFFIC,AVAILABLE,NIGHT
W00473,S07,2026-09-24,18:00,20:00,120,TRAFFIC,AVAILABLE,EVENING
W00474,S07,2026-09-24,21:00,23:00,120,TRAFFIC,AVAILABLE,NIGHT
W00475,S08,2026-09-24,18:00,20:00,120,TRAFFIC,AVAILABLE,EVENING
W00476,S08,2026-09-24,21:00,23:00,120,TRAFFIC,AVAILABLE,NIGHT
W00477,S09,2026-09-24,18:00,20:00,120,TRAFFIC,AVAILABLE,EVENING
W00478,S09,2026-09-24,21:00,23:00,120,TRAFFIC,AVAILABLE,NIGHT
W00479,S10,2026-09-24,18:00,20:00,120,TRAFFIC,AVAILABLE,EVENING
W00480,S10,2026-09-24,21:00,23:00,120,TRAFFIC,AVAILABLE,NIGHT
W00481,S01,2026-09-25,18:00,20:00,120,TRAFFIC,AVAILABLE,EVENING
W00482,S01,2026-09-25,21:00,23:00,120,TRAFFIC,AVAILABLE,NIGHT
W00483,S02,2026-09-25,18:00,20:00,120,TRAFFIC,AVAILABLE,EVENING
W00484,S02,2026-09-25,21:00,23:00,120,TRAFFIC,AVAILABLE,NIGHT
W00485,S03,2026-09-25,18:00,20:00,120,TRAFFIC,AVAILABLE,EVENING
W00486,S03,2026-09-25,21:00,23:00,120,TRAFFIC,AVAILABLE,NIGHT
W00487,S04,2026-09-25,18:00,20:00,120,TRAFFIC,AVAILABLE,EVENING
W00488,S04,2026-09-25,21:00,23:00,120,TRAFFIC,AVAILABLE,NIGHT
W00489,S05,2026-09-25,18:00,20:00,120,TRAFFIC,AVAILABLE,EVENING
W00490,S05,2026-09-25,21:00,23:00,120,TRAFFIC,AVAILABLE,NIGHT
W00491,S06,2026-09-25,18:00,20:00,120,TRAFFIC,AVAILABLE,EVENING
W00492,S06,2026-09-25,21:00,23:00,120,TRAFFIC,AVAILABLE,NIGHT
W00493,S07,2026-09-25,18:00,20:00,120,TRAFFIC,AVAILABLE,EVENING
W00494,S07,2026-09-25,21:00,23:00,120,TRAFFIC,AVAILABLE,NIGHT
W00495,S08,2026-09-25,18:00,20:00,120,TRAFFIC,AVAILABLE,EVENING
W00496,S08,2026-09-25,21:00,23:00,120,TRAFFIC,AVAILABLE,NIGHT
W00497,S09,2026-09-25,18:00,20:00,120,TRAFFIC,AVAILABLE,EVENING
W00498,S09,2026-09-25,21:00,23:00,120,TRAFFIC,AVAILABLE,NIGHT
W00499,S10,2026-09-25,18:00,20:00,120,TRAFFIC,AVAILABLE,EVENING
W00500,S10,2026-09-25,21:00,23:00,120,TRAFFIC,AVAILABLE,NIGHT
W00501,S01,2026-09-26,18:00,20:00,120,TRAFFIC,AVAILABLE,EVENING
W00502,S01,2026-09-26,21:00,23:00,120,TRAFFIC,AVAILABLE,NIGHT
W00503,S02,2026-09-26,18:00,20:00,120,TRAFFIC,AVAILABLE,EVENING
W00504,S02,2026-09-26,21:00,23:00,120,TRAFFIC,AVAILABLE,NIGHT
W00505,S03,2026-09-26,18:00,20:00,120,TRAFFIC,AVAILABLE,EVENING
W00506,S03,2026-09-26,21:00,23:00,120,TRAFFIC,AVAILABLE,NIGHT
W00507,S04,2026-09-26,18:00,20:00,120,TRAFFIC,AVAILABLE,EVENING
W00508,S04,2026-09-26,21:00,23:00,120,TRAFFIC,AVAILABLE,NIGHT
W00509,S05,2026-09-26,18:00,20:00,120,TRAFFIC,AVAILABLE,EVENING
W00510,S05,2026-09-26,21:00,23:00,120,TRAFFIC,AVAILABLE,NIGHT
W00511,S06,2026-09-26,18:00,20:00,120,TRAFFIC,AVAILABLE,EVENING
W00512,S06,2026-09-26,21:00,23:00,120,TRAFFIC,AVAILABLE,NIGHT
W00513,S07,2026-09-26,18:00,20:00,120,TRAFFIC,AVAILABLE,EVENING
W00514,S07,2026-09-26,21:00,23:00,120,TRAFFIC,AVAILABLE,NIGHT
W00515,S08,2026-09-26,18:00,20:00,120,TRAFFIC,AVAILABLE,EVENING
W00516,S08,2026-09-26,21:00,23:00,120,TRAFFIC,AVAILABLE,NIGHT
W00517,S09,2026-09-26,18:00,20:00,120,TRAFFIC,AVAILABLE,EVENING
W00518,S09,2026-09-26,21:00,23:00,120,TRAFFIC,AVAILABLE,NIGHT
W00519,S10,2026-09-26,18:00,20:00,120,TRAFFIC,AVAILABLE,EVENING
W00520,S10,2026-09-26,21:00,23:00,120,TRAFFIC,AVAILABLE,NIGHT
W00521,S01,2026-09-27,18:00,20:00,120,TRAFFIC,AVAILABLE,EVENING
W00522,S01,2026-09-27,21:00,23:00,120,TRAFFIC,AVAILABLE,NIGHT
W00523,S02,2026-09-27,18:00,20:00,120,TRAFFIC,AVAILABLE,EVENING
W00524,S02,2026-09-27,21:00,23:00,120,TRAFFIC,AVAILABLE,NIGHT
W00525,S03,2026-09-27,18:00,20:00,120,TRAFFIC,AVAILABLE,EVENING
W00526,S03,2026-09-27,21:00,23:00,120,TRAFFIC,AVAILABLE,NIGHT
W00527,S04,2026-09-27,18:00,20:00,120,TRAFFIC,AVAILABLE,EVENING
W00528,S04,2026-09-27,21:00,23:00,120,TRAFFIC,AVAILABLE,NIGHT
W00529,S05,2026-09-27,18:00,20:00,120,TRAFFIC,AVAILABLE,EVENING
W00530,S05,2026-09-27,21:00,23:00,120,TRAFFIC,AVAILABLE,NIGHT
W00531,S06,2026-09-27,18:00,20:00,120,TRAFFIC,AVAILABLE,EVENING
W00532,S06,2026-09-27,21:00,23:00,120,TRAFFIC,AVAILABLE,NIGHT
W00533,S07,2026-09-27,18:00,20:00,120,TRAFFIC,AVAILABLE,EVENING
W00534,S07,2026-09-27,21:00,23:00,120,TRAFFIC,AVAILABLE,NIGHT
W00535,S08,2026-09-27,18:00,20:00,120,TRAFFIC,AVAILABLE,EVENING
W00536,S08,2026-09-27,21:00,23:00,120,TRAFFIC,AVAILABLE,NIGHT
W00537,S09,2026-09-27,18:00,20:00,120,TRAFFIC,AVAILABLE,EVENING
W00538,S09,2026-09-27,21:00,23:00,120,TRAFFIC,AVAILABLE,NIGHT
W00539,S10,2026-09-27,18:00,20:00,120,TRAFFIC,AVAILABLE,EVENING
W00540,S10,2026-09-27,21:00,23:00,120,TRAFFIC,AVAILABLE,NIGHT
W00541,S01,2026-09-28,18:00,20:00,120,TRAFFIC,AVAILABLE,EVENING
W00542,S01,2026-09-28,21:00,23:00,120,TRAFFIC,AVAILABLE,NIGHT
W00543,S02,2026-09-28,18:00,20:00,120,TRAFFIC,AVAILABLE,EVENING
W00544,S02,2026-09-28,21:00,23:00,120,TRAFFIC,AVAILABLE,NIGHT
W00545,S03,2026-09-28,18:00,20:00,120,TRAFFIC,AVAILABLE,EVENING
W00546,S03,2026-09-28,21:00,23:00,120,TRAFFIC,AVAILABLE,NIGHT
W00547,S04,2026-09-28,18:00,20:00,120,TRAFFIC,AVAILABLE,EVENING
W00548,S04,2026-09-28,21:00,23:00,120,TRAFFIC,AVAILABLE,NIGHT
W00549,S05,2026-09-28,18:00,20:00,120,TRAFFIC,AVAILABLE,EVENING
W00550,S05,2026-09-28,21:00,23:00,120,TRAFFIC,AVAILABLE,NIGHT
W00551,S06,2026-09-28,18:00,20:00,120,TRAFFIC,AVAILABLE,EVENING
W00552,S06,2026-09-28,21:00,23:00,120,TRAFFIC,AVAILABLE,NIGHT
W00553,S07,2026-09-28,18:00,20:00,120,TRAFFIC,AVAILABLE,EVENING
W00554,S07,2026-09-28,21:00,23:00,120,TRAFFIC,AVAILABLE,NIGHT
W00555,S08,2026-09-28,18:00,20:00,120,TRAFFIC,AVAILABLE,EVENING
W00556,S08,2026-09-28,21:00,23:00,120,TRAFFIC,AVAILABLE,NIGHT
W00557,S09,2026-09-28,18:00,20:00,120,TRAFFIC,AVAILABLE,EVENING
W00558,S09,2026-09-28,21:00,23:00,120,TRAFFIC,AVAILABLE,NIGHT
W00559,S10,2026-09-28,18:00,20:00,120,TRAFFIC,AVAILABLE,EVENING
W00560,S10,2026-09-28,21:00,23:00,120,TRAFFIC,AVAILABLE,NIGHT
