task_id,asset_id,department_id,section_id,task_type,defect_id,due_date,estimated_duration_min,priority_score,status,preferred_window,power_block_required
T00001,A00001,ENG,S01,CORRECTIVE,,2026-09-03,90,46.2,PLANNED,PREFERRED_NIGHT,False
T00002,A00002,ENG,S01,INSPECTION,,2026-09-04,120,61.4,OVERDUE,EMERGENCY,False
T00003,A00003,ENG,S01,OVERDUE,,2026-09-05,150,76.6,EMERGENCY,NORMAL,False
T00004,A00004,ENG,S01,PREVENTIVE,D00004,2026-09-06,180,61.0,OPEN,PREFERRED_NIGHT,False
T00005,A00005,ENG,S01,CORRECTIVE,,2026-09-07,60,76.2,PLANNED,EMERGENCY,False
T00006,A00006,SNT,S01,INSPECTION,,2026-08-14,90,91.4,OVERDUE,NORMAL,False
T00007,A00007,SNT,S01,OVERDUE,,2026-09-09,120,39.8,EMERGENCY,PREFERRED_NIGHT,True
T00008,A00008,SNT,S01,PREVENTIVE,D00008,2026-09-10,150,55.0,OPEN,EMERGENCY,False
T00009,A00009,SNT,S01,CORRECTIVE,,2026-09-11,180,70.2,PLANNED,NORMAL,False
T00010,A00010,SNT,S01,INSPECTION,,2026-09-12,60,54.6,OVERDUE,PREFERRED_NIGHT,False
T00011,A00011,TRD,S01,OVERDUE,,2026-09-13,90,69.8,EMERGENCY,EMERGENCY,False
T00012,A00012,TRD,S01,PREVENTIVE,D00012,2026-08-16,120,85.0,OPEN,NORMAL,False
T00013,A00013,TRD,S01,CORRECTIVE,,2026-09-15,150,64.2,PLANNED,PREFERRED_NIGHT,False
T00014,A00014,TRD,S01,INSPECTION,,2026-09-16,180,48.6,OVERDUE,EMERGENCY,True
T00015,A00015,TRD,S01,OVERDUE,,2026-09-17,60,63.8,EMERGENCY,NORMAL,False
T00016,A00016,ENG,S02,PREVENTIVE,D00016,2026-09-18,90,79.0,OPEN,PREFERRED_NIGHT,False
T00017,A00017,ENG,S02,CORRECTIVE,,2026-09-19,120,63.4,PLANNED,EMERGENCY,False
T00018,A00018,ENG,S02,INSPECTION,,2026-08-18,150,78.6,OVERDUE,NORMAL,False
T00019,A00019,ENG,S02,OVERDUE,,2026-09-21,180,57.8,EMERGENCY,PREFERRED_NIGHT,False
T00020,A00020,ENG,S02,PREVENTIVE,D00020,2026-09-22,60,42.2,OPEN,EMERGENCY,False
T00021,A00021,SNT,S02,CORRECTIVE,,2026-09-23,90,57.4,PLANNED,NORMAL,True
T00022,A00022,SNT,S02,INSPECTION,,2026-09-24,120,72.6,OVERDUE,PREFERRED_NIGHT,False
T00023,A00023,SNT,S02,OVERDUE,,2026-09-25,150,87.8,EMERGENCY,EMERGENCY,False
T00024,A00024,SNT,S02,PREVENTIVE,D00024,2026-08-20,180,72.2,OPEN,NORMAL,False
T00025,A00025,SNT,S02,CORRECTIVE,,2026-09-27,60,51.4,PLANNED,PREFERRED_NIGHT,False
T00026,A00026,TRD,S02,INSPECTION,,2026-09-28,90,66.6,OVERDUE,EMERGENCY,False
T00027,A00027,TRD,S02,OVERDUE,,2026-09-29,120,51.0,EMERGENCY,NORMAL,False
T00028,A00028,TRD,S02,PREVENTIVE,D00028,2026-09-02,150,66.2,OPEN,PREFERRED_NIGHT,True
T00029,A00029,TRD,S02,CORRECTIVE,,2026-09-03,180,81.4,PLANNED,EMERGENCY,False
T00030,A00030,TRD,S02,INSPECTION,,2026-08-14,60,65.8,OVERDUE,NORMAL,False
T00031,A00031,ENG,S03,OVERDUE,,2026-09-05,90,45.0,EMERGENCY,PREFERRED_NIGHT,False
T00032,A00032,ENG,S03,PREVENTIVE,D00032,2026-09-06,120,60.2,OPEN,EMERGENCY,False
T00033,A00033,ENG,S03,CORRECTIVE,,2026-09-07,150,44.6,PLANNED,NORMAL,False
T00034,A00034,ENG,S03,INSPECTION,,2026-09-08,180,59.8,OVERDUE,PREFERRED_NIGHT,False
T00035,A00035,ENG,S03,OVERDUE,,2026-09-09,60,75.0,EMERGENCY,EMERGENCY,True
T00036,A00036,SNT,S03,PREVENTIVE,D00036,2026-08-16,90,90.2,OPEN,NORMAL,False
T00037,A00037,SNT,S03,CORRECTIVE,,2026-09-11,120,38.6,PLANNED,PREFERRED_NIGHT,False
T00038,A00038,SNT,S03,INSPECTION,,2026-09-12,150,53.8,OVERDUE,EMERGENCY,False
T00039,A00039,SNT,S03,OVERDUE,,2026-09-13,180,69.0,EMERGENCY,NORMAL,False
T00040,A00040,SNT,S03,PREVENTIVE,D00040,2026-09-14,60,53.4,OPEN,PREFERRED_NIGHT,False
T00041,A00041,TRD,S03,CORRECTIVE,,2026-09-15,90,68.6,PLANNED,EMERGENCY,False
T00042,A00042,TRD,S03,INSPECTION,,2026-08-18,120,83.8,OVERDUE,NORMAL,True
T00043,A00043,TRD,S03,OVERDUE,,2026-09-17,150,68.2,EMERGENCY,PREFERRED_NIGHT,False
T00044,A00044,TRD,S03,PREVENTIVE,D00044,2026-09-18,180,47.4,OPEN,EMERGENCY,False
T00045,A00045,TRD,S03,CORRECTIVE,,2026-09-19,60,62.6,PLANNED,NORMAL,False
T00046,A00046,ENG,S04,INSPECTION,,2026-09-20,90,77.8,OVERDUE,PREFERRED_NIGHT,False
T00047,A00047,ENG,S04,OVERDUE,,2026-09-21,120,62.2,EMERGENCY,EMERGENCY,False
T00048,A00048,ENG,S04,PREVENTIVE,D00048,2026-08-20,150,77.4,OPEN,NORMAL,False
T00049,A00049,ENG,S04,CORRECTIVE,,2026-09-23,180,92.6,PLANNED,PREFERRED_NIGHT,True
T00050,A00050,ENG,S04,INSPECTION,,2026-09-24,60,41.0,OVERDUE,EMERGENCY,False
T00051,A00051,SNT,S04,OVERDUE,,2026-09-25,90,56.2,EMERGENCY,NORMAL,False
T00052,A00052,SNT,S04,PREVENTIVE,D00052,2026-09-26,120,71.4,OPEN,PREFERRED_NIGHT,False
T00053,A00053,SNT,S04,CORRECTIVE,,2026-09-27,150,55.8,PLANNED,EMERGENCY,False
T00054,A00054,SNT,S04,INSPECTION,,2026-08-14,180,71.0,OVERDUE,NORMAL,False
T00055,A00055,SNT,S04,OVERDUE,,2026-09-29,60,86.2,EMERGENCY,PREFERRED_NIGHT,False
T00056,A00056,TRD,S04,PREVENTIVE,D00056,2026-09-02,90,34.6,OPEN,EMERGENCY,True
T00057,A00057,TRD,S04,CORRECTIVE,,2026-09-03,120,49.8,PLANNED,NORMAL,False
T00058,A00058,TRD,S04,INSPECTION,,2026-09-04,150,65.0,OVERDUE,PREFERRED_NIGHT,False
T00059,A00059,TRD,S04,OVERDUE,,2026-09-05,180,80.2,EMERGENCY,EMERGENCY,False
T00060,A00060,TRD,S04,PREVENTIVE,D00060,2026-08-16,60,64.6,OPEN,NORMAL,False
T00061,A00061,ENG,S05,CORRECTIVE,,2026-09-07,90,79.8,PLANNED,PREFERRED_NIGHT,False
T00062,A00062,ENG,S05,INSPECTION,,2026-09-08,120,59.0,OVERDUE,EMERGENCY,False
T00063,A00063,ENG,S05,OVERDUE,,2026-09-09,150,43.4,EMERGENCY,NORMAL,True
T00064,A00064,ENG,S05,PREVENTIVE,D00064,2026-09-10,180,58.6,OPEN,PREFERRED_NIGHT,False
T00065,A00065,ENG,S05,CORRECTIVE,,2026-09-11,60,73.8,PLANNED,EMERGENCY,False
T00066,A00066,SNT,S05,INSPECTION,,2026-08-18,90,58.2,OVERDUE,NORMAL,False
T00067,A00067,SNT,S05,OVERDUE,,2026-09-13,120,73.4,EMERGENCY,PREFERRED_NIGHT,False
T00068,A00068,SNT,S05,PREVENTIVE,D00068,2026-09-14,150,52.6,OPEN,EMERGENCY,False
T00069,A00069,SNT,S05,CORRECTIVE,,2026-09-15,180,67.8,PLANNED,NORMAL,False
T00070,A00070,SNT,S05,INSPECTION,,2026-09-16,60,52.2,OVERDUE,PREFERRED_NIGHT,True
T00071,A00071,TRD,S05,OVERDUE,,2026-09-17,90,67.4,EMERGENCY,EMERGENCY,False
T00072,A00072,TRD,S05,PREVENTIVE,D00072,2026-08-20,120,82.6,OPEN,NORMAL,False
T00073,A00073,TRD,S05,CORRECTIVE,,2026-09-19,150,67.0,PLANNED,PREFERRED_NIGHT,False
T00074,A00074,TRD,S05,INSPECTION,,2026-09-20,180,46.2,OVERDUE,EMERGENCY,False
T00075,A00075,TRD,S05,OVERDUE,,2026-09-21,60,61.4,EMERGENCY,NORMAL,False
T00076,A00076,ENG,S06,PREVENTIVE,D00076,2026-09-22,90,45.8,OPEN,PREFERRED_NIGHT,False
T00077,A00077,ENG,S06,CORRECTIVE,,2026-09-23,120,61.0,PLANNED,EMERGENCY,True
T00078,A00078,ENG,S06,INSPECTION,,2026-08-14,150,76.2,OVERDUE,NORMAL,False
T00079,A00079,ENG,S06,OVERDUE,,2026-09-25,180,91.4,EMERGENCY,PREFERRED_NIGHT,False
T00080,A00080,ENG,S06,PREVENTIVE,D00080,2026-09-26,60,39.8,OPEN,EMERGENCY,False
T00081,A00081,SNT,S06,CORRECTIVE,,2026-09-27,90,55.0,PLANNED,NORMAL,False
T00082,A00082,SNT,S06,INSPECTION,,2026-09-28,120,70.2,OVERDUE,PREFERRED_NIGHT,False
T00083,A00083,SNT,S06,OVERDUE,,2026-09-29,150,54.6,EMERGENCY,EMERGENCY,False
T00084,A00084,SNT,S06,PREVENTIVE,D00084,2026-08-16,180,69.8,OPEN,NORMAL,True
T00085,A00085,SNT,S06,CORRECTIVE,,2026-09-03,60,85.0,PLANNED,PREFERRED_NIGHT,False
T00086,A00086,TRD,S06,INSPECTION,,2026-09-04,90,69.4,OVERDUE,EMERGENCY,False
T00087,A00087,TRD,S06,OVERDUE,,2026-09-05,120,48.6,EMERGENCY,NORMAL,False
T00088,A00088,TRD,S06,PREVENTIVE,D00088,2026-09-06,150,63.8,OPEN,PREFERRED_NIGHT,False
T00089,A00089,TRD,S06,CORRECTIVE,,2026-09-07,180,48.2,PLANNED,EMERGENCY,False
T00090,A00090,TRD,S06,INSPECTION,,2026-08-18,60,63.4,OVERDUE,NORMAL,False
T00091,A00091,ENG,S07,OVERDUE,,2026-09-09,90,78.6,EMERGENCY,PREFERRED_NIGHT,True
T00092,A00092,ENG,S07,PREVENTIVE,D00092,2026-09-10,120,93.8,OPEN,EMERGENCY,False
T00093,A00093,ENG,S07,CORRECTIVE,,2026-09-11,150,42.2,PLANNED,NORMAL,False
T00094,A00094,ENG,S07,INSPECTION,,2026-09-12,180,57.4,OVERDUE,PREFERRED_NIGHT,False
T00095,A00095,ENG,S07,OVERDUE,,2026-09-13,60,72.6,EMERGENCY,EMERGENCY,False
T00096,A00096,SNT,S07,PREVENTIVE,D00096,2026-08-20,90,57.0,OPEN,NORMAL,False
T00097,A00097,SNT,S07,CORRECTIVE,,2026-09-15,120,72.2,PLANNED,PREFERRED_NIGHT,False
T00098,A00098,SNT,S07,INSPECTION,,2026-09-16,150,87.4,OVERDUE,EMERGENCY,True
T00099,A00099,SNT,S07,OVERDUE,,2026-09-17,180,35.8,EMERGENCY,NORMAL,False
T00100,A00100,SNT,S07,PREVENTIVE,D00100,2026-09-18,60,51.0,OPEN,PREFERRED_NIGHT,False
T00101,A00101,TRD,S07,CORRECTIVE,,2026-09-19,90,66.2,PLANNED,EMERGENCY,False
T00102,A00102,TRD,S07,INSPECTION,,2026-08-14,120,81.4,OVERDUE,NORMAL,False
T00103,A00103,TRD,S07,OVERDUE,,2026-09-21,150,65.8,EMERGENCY,PREFERRED_NIGHT,False
T00104,A00104,TRD,S07,PREVENTIVE,D00104,2026-09-22,180,81.0,OPEN,EMERGENCY,False
T00105,A00105,TRD,S07,CORRECTIVE,,2026-09-23,60,60.2,PLANNED,NORMAL,True
T00106,A00106,ENG,S08,INSPECTION,,2026-09-24,90,44.6,OVERDUE,PREFERRED_NIGHT,False
T00107,A00107,ENG,S08,OVERDUE,,2026-09-25,120,59.8,EMERGENCY,EMERGENCY,False
T00108,A00108,ENG,S08,PREVENTIVE,D00108,2026-08-16,150,75.0,OPEN,NORMAL,False
T00109,A00109,ENG,S08,CORRECTIVE,,2026-09-27,180,59.4,PLANNED,PREFERRED_NIGHT,False
T00110,A00110,ENG,S08,INSPECTION,,2026-09-28,60,74.6,OVERDUE,EMERGENCY,False
T00111,A00111,SNT,S08,OVERDUE,,2026-09-29,90,53.8,EMERGENCY,NORMAL,False
T00112,A00112,SNT,S08,PREVENTIVE,D00112,2026-09-02,120,38.2,OPEN,PREFERRED_NIGHT,True
T00113,A00113,SNT,S08,CORRECTIVE,,2026-09-03,150,53.4,PLANNED,EMERGENCY,False
T00114,A00114,SNT,S08,INSPECTION,,2026-08-18,180,68.6,OVERDUE,NORMAL,False
T00115,A00115,SNT,S08,OVERDUE,,2026-09-05,60,83.8,EMERGENCY,PREFERRED_NIGHT,False
T00116,A00116,TRD,S08,PREVENTIVE,D00116,2026-09-06,90,68.2,OPEN,EMERGENCY,False
T00117,A00117,TRD,S08,CORRECTIVE,,2026-09-07,120,47.4,PLANNED,NORMAL,False
T00118,A00118,TRD,S08,INSPECTION,,2026-09-08,150,62.6,OVERDUE,PREFERRED_NIGHT,False
T00119,A00119,TRD,S08,OVERDUE,,2026-09-09,180,47.0,EMERGENCY,EMERGENCY,True
T00120,A00120,TRD,S08,PREVENTIVE,D00120,2026-08-20,60,62.2,OPEN,NORMAL,False
T00121,A00121,ENG,S09,CORRECTIVE,,2026-09-11,90,77.4,PLANNED,PREFERRED_NIGHT,False
T00122,A00122,ENG,S09,INSPECTION,,2026-09-12,120,61.8,OVERDUE,EMERGENCY,False
T00123,A00123,ENG,S09,OVERDUE,,2026-09-13,150,77.0,EMERGENCY,NORMAL,False
T00124,A00124,ENG,S09,PREVENTIVE,D00124,2026-09-14,180,56.2,OPEN,PREFERRED_NIGHT,False
T00125,A00125,ENG,S09,CORRECTIVE,,2026-09-15,60,71.4,PLANNED,EMERGENCY,False
T00126,A00126,SNT,S09,INSPECTION,,2026-08-14,90,55.8,OVERDUE,NORMAL,True
T00127,A00127,SNT,S09,OVERDUE,,2026-09-17,120,71.0,EMERGENCY,PREFERRED_NIGHT,False
T00128,A00128,SNT,S09,PREVENTIVE,D00128,2026-09-18,150,86.2,OPEN,EMERGENCY,False
T00129,A00129,SNT,S09,CORRECTIVE,,2026-09-19,180,70.6,PLANNED,NORMAL,False
T00130,A00130,SNT,S09,INSPECTION,,2026-09-20,60,49.8,OVERDUE,PREFERRED_NIGHT,False
T00131,A00131,TRD,S09,OVERDUE,,2026-09-21,90,65.0,EMERGENCY,EMERGENCY,False
T00132,A00132,TRD,S09,PREVENTIVE,D00132,2026-08-16,120,49.4,OPEN,NORMAL,False
T00133,A00133,TRD,S09,CORRECTIVE,,2026-09-23,150,64.6,PLANNED,PREFERRED_NIGHT,True
T00134,A00134,TRD,S09,INSPECTION,,2026-09-24,180,79.8,OVERDUE,EMERGENCY,False
T00135,A00135,TRD,S09,OVERDUE,,2026-09-25,60,95.0,EMERGENCY,NORMAL,False
T00136,A00136,ENG,S10,PREVENTIVE,D00136,2026-09-26,90,43.4,OPEN,PREFERRED_NIGHT,False
T00137,A00137,ENG,S10,CORRECTIVE,,2026-09-27,120,58.6,PLANNED,EMERGENCY,False
T00138,A00138,ENG,S10,INSPECTION,,2026-08-18,150,73.8,OVERDUE,NORMAL,False
T00139,A00139,ENG,S10,OVERDUE,,2026-09-29,180,58.2,EMERGENCY,PREFERRED_NIGHT,False
T00140,A00140,ENG,S10,PREVENTIVE,D00140,2026-09-02,60,73.4,OPEN,EMERGENCY,True
T00141,A00141,SNT,S10,CORRECTIVE,,2026-09-03,90,88.6,PLANNED,NORMAL,False
T00142,A00142,SNT,S10,INSPECTION,,2026-09-04,120,37.0,OVERDUE,PREFERRED_NIGHT,False
T00143,A00143,SNT,S10,OVERDUE,,2026-09-05,150,52.2,EMERGENCY,EMERGENCY,False
T00144,A00144,SNT,S10,PREVENTIVE,D00144,2026-08-20,180,67.4,OPEN,NORMAL,False
T00145,A00145,SNT,S10,CORRECTIVE,,2026-09-07,60,51.8,PLANNED,PREFERRED_NIGHT,False
T00146,A00146,TRD,S10,INSPECTION,,2026-09-08,90,67.0,OVERDUE,EMERGENCY,False
T00147,A00147,TRD,S10,OVERDUE,,2026-09-09,120,82.2,EMERGENCY,NORMAL,True
T00148,A00148,TRD,S10,PREVENTIVE,D00148,2026-09-10,150,61.4,OPEN,PREFERRED_NIGHT,False
T00149,A00149,TRD,S10,CORRECTIVE,,2026-09-11,180,45.8,PLANNED,EMERGENCY,False
T00150,A00150,TRD,S10,INSPECTION,,2026-08-14,60,61.0,OVERDUE,NORMAL,False
